{
  "accuracy": 0.91649,
  "f1_score": 0.06765658144468013,
  "precision": 0.03503700277520814,
  "recall": 0.9805825242718447,
  "auc": 0.9738360628192247,
  "scale_pos_weight": 322.10177705977384,
  "n_features": 378,
  "n_pattern_features": 150,
  "n_train_samples": 400000,
  "n_test_samples": 100000,
  "n_train_scrap": 1238,
  "n_test_scrap": 309
}